parameter,value,coverage,mean_z,sd_z
K,0.3,0.925,0.053265277378773936,1.0671411088940599
K,0.5,0.945,-0.11367022411639968,1.0418870341412456
K,0.7,0.91,0.051413427321921217,1.0719983710699001
K,0.9,0.955,-0.07400939403479759,0.934248828021565
T_option,0.1,0.94,0.1275477735985879,0.936368056133475
T_option,0.3333333333333333,0.955,0.021282689516853984,0.9665239285172668
T_option,0.6666666666666666,0.935,-0.15782358313714462,0.9985606354296825
T_option,0.9,0.935,-0.004189496864775473,0.9875247331761288
p0,0.2,0.94,-0.04956826894562338,1.0558963931379388
p0,0.4,0.955,0.07931758435414732,1.0288675397514175
p0,0.6,0.945,0.06757204739885475,1.033526454828358
p0,0.8,0.925,0.1503738689390173,1.0329849174512356
kappa,0.5,0.96,0.03391014007162502,0.9899301948115437
kappa,1.5,0.95,0.027792922630959165,1.0001657458137365
kappa,3.0,0.965,-0.05615425704627014,1.009727729951728
kappa,4.0,0.975,-0.03959965975692849,0.9321436906967385
