K,call_price,change_vs_baseline,lower_bound,upper_bound,information_ratio
0.01,0.5902021260374476,0.474287143434727,0.59,0.594,2.1213203435596424
0.02,0.5807423871890691,0.4648274045863485,0.58,0.588,2.1213203435596424
0.03,0.5715314480679604,0.4556164654652398,0.57,0.582,2.1213203435596424
0.04,0.5625201267857245,0.4466051441830039,0.5599999999999999,0.576,2.1213203435596424
0.05,0.5536770199686354,0.4377620373659148,0.5499999999999999,0.57,2.1213203435596424
0.060000000000000005,0.5449801016124383,0.42906511900971767,0.5399999999999999,0.564,2.1213203435596424
0.06999999999999999,0.536412978718687,0.4204979961159664,0.53,0.558,2.1213203435596424
0.08,0.5279629389734646,0.412047956370744,0.52,0.552,2.1213203435596424
0.09,0.51961982163082,0.4037048390280994,0.51,0.546,2.1213203435596424
0.09999999999999999,0.5113753145116571,0.3954603319089365,0.5,0.54,2.1213203435596424
0.11,0.5032224913796045,0.3873075087768839,0.49,0.534,2.1213203435596424
0.12,0.4951554940449209,0.3792405114422003,0.48,0.528,2.1213203435596424
0.13,0.48716930618792015,0.3712543235851996,0.47,0.522,2.1213203435596424
0.14,0.4792595877677856,0.36334460516506506,0.45999999999999996,0.516,2.1213203435596424
0.15000000000000002,0.4714225508463749,0.35550756824365437,0.44999999999999996,0.51,2.1213203435596424
0.16,0.4636548645512749,0.3477398819485543,0.43999999999999995,0.504,2.1213203435596424
0.17,0.45595358105275796,0.34003859845003737,0.42999999999999994,0.49799999999999994,2.1213203435596424
0.18000000000000002,0.44831607702176707,0.33240109441904653,0.41999999999999993,0.49199999999999994,2.1213203435596424
0.19,0.4407400067076142,0.32482502410489367,0.41,0.486,2.1213203435596424
0.2,0.4332232638820224,0.3173082812793019,0.39999999999999997,0.48,2.1213203435596424
0.21000000000000002,0.42576395064850403,0.30984896804578343,0.38999999999999996,0.474,2.1213203435596424
0.22,0.4183603516380535,0.3024453690353329,0.38,0.46799999999999997,2.1213203435596424
0.23,0.4110109124812779,0.2950959298785574,0.37,0.46199999999999997,2.1213203435596424
0.24000000000000002,0.40371422171266497,0.2877992391099444,0.36,0.45599999999999996,2.1213203435596424
0.25,0.39646899545675524,0.2805540128540347,0.35,0.44999999999999996,2.1213203435596424
0.26,0.3892740643897982,0.2733590817870777,0.33999999999999997,0.444,2.1213203435596424
0.27,0.38212836257844013,0.2662133799757196,0.32999999999999996,0.438,2.1213203435596424
0.28,0.3750309178790015,0.25911593527628096,0.31999999999999995,0.432,2.1213203435596424
0.29000000000000004,0.36798084364388756,0.252065861041167,0.30999999999999994,0.426,2.1213203435596424
0.3,0.36097733153053146,0.2450623489278109,0.3,0.42,2.1213203435596424
0.31,0.35401964524653584,0.23810466264381527,0.29,0.414,2.1213203435596424
0.32,0.34710711509490255,0.23119213249218198,0.27999999999999997,0.408,2.1213203435596424
0.33,0.3402391332073222,0.22432415060460162,0.26999999999999996,0.40199999999999997,2.1213203435596424
0.34,0.33341514937283123,0.21750016677011066,0.25999999999999995,0.39599999999999996,2.1213203435596424
0.35000000000000003,0.32663466738478286,0.2107196847820623,0.24999999999999994,0.38999999999999996,2.1213203435596424
0.36000000000000004,0.3198972418418301,0.20398225923910954,0.23999999999999994,0.38399999999999995,2.1213203435596424
0.37,0.31320247534907675,0.19728749274635618,0.22999999999999998,0.378,2.1213203435596424
0.38,0.3065500160742073,0.19063503347148672,0.21999999999999997,0.372,2.1213203435596424
0.39,0.29993955562060365,0.18402457301788308,0.20999999999999996,0.366,2.1213203435596424
0.4,0.2933708271854984,0.17745584458277783,0.19999999999999996,0.36,2.1213203435596424
0.41000000000000003,0.28684360397632164,0.17092862137360107,0.18999999999999995,0.354,2.1213203435596424
0.42000000000000004,0.28035769786274994,0.16444271526002938,0.17999999999999994,0.348,2.1213203435596424
0.43,0.2739129582457087,0.15799797564298815,0.16999999999999998,0.342,2.1213203435596424
0.44,0.26750927112783474,0.15159428852511417,0.15999999999999998,0.336,2.1213203435596424
0.45,0.2611465583727606,0.14523157577004,0.14999999999999997,0.33,2.1213203435596424
0.46,0.25482477714312857,0.138909794540408,0.13999999999999996,0.324,2.1213203435596424
0.47000000000000003,0.248543919509536,0.13262893690681543,0.12999999999999995,0.318,2.1213203435596424
0.48000000000000004,0.24230401222471998,0.1263890296219994,0.11999999999999994,0.312,2.1213203435596424
0.49,0.236105116659256,0.12019013405653542,0.10999999999999999,0.306,2.1213203435596424
0.5,0.2299473288969135,0.11403234629419293,0.09999999999999998,0.3,2.1213203435596424
0.51,0.22383077998962939,0.10791579738690882,0.08999999999999997,0.294,2.1213203435596424
0.52,0.21775563637385809,0.10184065377113752,0.07999999999999996,0.288,2.1213203435596424
0.53,0.21172210045188228,0.09580711784916171,0.06999999999999995,0.282,2.1213203435596424
0.54,0.205730411343549,0.08981542874082843,0.05999999999999994,0.27599999999999997,2.1213203435596424
0.55,0.1997808458158799,0.08386586321315934,0.04999999999999993,0.26999999999999996,2.1213203435596424
0.56,0.19387371940013248,0.07795873679741191,0.039999999999999925,0.26399999999999996,2.1213203435596424
0.5700000000000001,0.188009387708206,0.07209440510548543,0.029999999999999916,0.25799999999999995,2.1213203435596424
0.5800000000000001,0.18218824796284983,0.06627326536012926,0.019999999999999907,0.25199999999999995,2.1213203435596424
0.59,0.17641074075900287,0.0604957581562823,0.010000000000000009,0.246,2.1213203435596424
0.6,0.17067735207684365,0.05476236947412308,0.0,0.24,2.1213203435596424
0.61,0.1649886155708501,0.04907363296812953,0.0,0.23399999999999999,2.1213203435596424
0.62,0.1593451151634584,0.04343013256073783,0.0,0.22799999999999998,2.1213203435596424
0.63,0.15374748797690113,0.037832505374180564,0.0,0.222,2.1213203435596424
0.64,0.14819642764265048,0.03228144503992991,0.0,0.216,2.1213203435596424
0.65,0.14269268803478355,0.02677770543206298,0.0,0.21,2.1213203435596424
0.66,0.1372370874817681,0.021322104879047538,0.0,0.204,2.1213203435596424
0.67,0.1318305135209294,0.015915530918208826,0.0,0.19799999999999998,2.1213203435596424
0.68,0.12647392827158868,0.010558945668868114,0.0,0.19199999999999998,2.1213203435596424
0.6900000000000001,0.12116837451703513,0.005253391914314565,0.0,0.18599999999999997,2.1213203435596424
0.7000000000000001,0.1159149826027205,-6.938893903907228e-17,0.0,0.17999999999999997,2.1213203435596424
0.7100000000000001,0.11071497827913926,-0.005200004323581309,0.0,0.17399999999999996,2.1213203435596424
0.72,0.10556969164380475,-0.010345290958915815,0.0,0.168,2.1213203435596424
0.73,0.10048056736889091,-0.015434415233829657,0.0,0.162,2.1213203435596424
0.74,0.09544917644125732,-0.02046580616146325,0.0,0.156,2.1213203435596424
0.75,0.09047722969206694,-0.02543775291065363,0.0,0.15,2.1213203435596424
0.76,0.08556659345721841,-0.030348389145502155,0.0,0.144,2.1213203435596424
0.77,0.08071930779165562,-0.03519567481106495,0.0,0.13799999999999998,2.1213203435596424
0.78,0.07593760776621003,-0.03997737483651054,0.0,0.13199999999999998,2.1213203435596424
0.79,0.07122394851320488,-0.04469103408951569,0.0,0.12599999999999997,2.1213203435596424
0.8,0.06658103486819174,-0.04933394773452883,0.0,0.11999999999999997,2.1213203435596424
0.81,0.06201185669643804,-0.053903125906282524,0.0,0.11399999999999996,2.1213203435596424
0.8200000000000001,0.057519731318099426,-0.05839525128462114,0.0,0.10799999999999996,2.1213203435596424
0.8300000000000001,0.05310835489069003,-0.06280662771203054,0.0,0.10199999999999995,2.1213203435596424
0.8400000000000001,0.04878186522442514,-0.06713311737829543,0.0,0.09599999999999995,2.1213203435596424
0.85,0.044544919376191684,-0.07137006322652889,0.0,0.09000000000000001,2.1213203435596424
0.86,0.0404027906178049,-0.07551219198491567,0.0,0.084,2.1213203435596424
0.87,0.036361491206427544,-0.07955349139629303,0.0,0.078,2.1213203435596424
0.88,0.03242793013292444,-0.08348705246979612,0.0,0.072,2.1213203435596424
0.89,0.028610119253149026,-0.08730486334957155,0.0,0.06599999999999999,2.1213203435596424
0.9,0.024917447911516864,-0.0909975346912037,0.0,0.059999999999999984,2.1213203435596424
0.91,0.021361057163204654,-0.0945539254395159,0.0,0.05399999999999998,2.1213203435596424
0.92,0.017954363473317535,-0.09796061912940303,0.0,0.04799999999999997,2.1213203435596424
0.93,0.014713815367867943,-0.10120116723485262,0.0,0.04199999999999997,2.1213203435596424
0.9400000000000001,0.011660030176067147,-0.10425495242665342,0.0,0.03599999999999996,2.1213203435596424
0.9500000000000001,0.008819587478620008,-0.10709539512410056,0.0,0.029999999999999957,2.1213203435596424
0.9600000000000001,0.006228043995904433,-0.10968693860681614,0.0,0.023999999999999955,2.1213203435596424
0.97,0.00393545727125659,-0.11197952533146398,0.0,0.018000000000000016,2.1213203435596424
0.98,0.002017852245056706,-0.11389713035766386,0.0,0.01200000000000001,2.1213203435596424
0.99,0.0006063957089379651,-0.11530858689378261,0.0,0.006000000000000005,2.1213203435596424
