kappa,call_price,change_vs_baseline,lower_bound,upper_bound,information_ratio
0.05,5.022082429458861e-13,-0.11591498260221836,0.0,0.18000000000000002,0.07071067811865475
0.1,7.75332189588418e-06,-0.11590722928082468,0.0,0.18000000000000002,0.1414213562373095
0.15000000000000002,0.0003215325123320763,-0.11559345009038849,0.0,0.18000000000000002,0.21213203435596428
0.2,0.0016010420667707404,-0.11431394053594983,0.0,0.18000000000000002,0.282842712474619
0.25,0.003975187106974986,-0.11193979549574558,0.0,0.18000000000000002,0.35355339059327373
0.3,0.007224050645754477,-0.1086909319569661,0.0,0.18000000000000002,0.42426406871192845
0.35000000000000003,0.011101891937113223,-0.10481309066560734,0.0,0.18000000000000002,0.4949747468305833
0.4,0.015417592523566656,-0.10049739007915391,0.0,0.18000000000000002,0.565685424949238
0.45,0.02003370264021649,-0.09588127996250408,0.0,0.18000000000000002,0.6363961030678927
0.5,0.024852182992777763,-0.0910627996099428,0.0,0.18000000000000002,0.7071067811865475
0.55,0.029802077880009,-0.08611290472271158,0.0,0.18000000000000002,0.7778174593052023
0.6000000000000001,0.03483088119323828,-0.08108410140948229,0.0,0.18000000000000002,0.8485281374238571
0.6500000000000001,0.03989879843611734,-0.07601618416660322,0.0,0.18000000000000002,0.9192388155425119
0.7000000000000001,0.044974963639089684,-0.07094001896363089,0.0,0.18000000000000002,0.9899494936611666
0.7500000000000001,0.05003492461919321,-0.06588005798352736,0.0,0.18000000000000002,1.0606601717798214
0.8,0.05505894704326685,-0.060856035559453715,0.0,0.18000000000000002,1.131370849898476
0.8500000000000001,0.06003085147225185,-0.055884131130468716,0.0,0.18000000000000002,1.2020815280171309
0.9000000000000001,0.06493720205856535,-0.05097778054415522,0.0,0.18000000000000002,1.2727922061357857
0.9500000000000001,0.06976673083263887,-0.046148251770081694,0.0,0.18000000000000002,1.3435028842544403
1.0,0.0745099222727581,-0.04140506032996247,0.0,0.18000000000000002,1.414213562373095
1.05,0.07915870854098704,-0.036756274061733527,0.0,0.18000000000000002,1.4849242404917498
1.1,0.08370624217586158,-0.03220874042685899,0.0,0.18000000000000002,1.5556349186104046
1.1500000000000001,0.08814672367135581,-0.027768258931364753,0.0,0.18000000000000002,1.6263455967290594
1.2000000000000002,0.0924752683778392,-0.023439714224881364,0.0,0.18000000000000002,1.6970562748477143
1.2500000000000002,0.09668780184639474,-0.019227180756325832,0.0,0.18000000000000002,1.7677669529663689
1.3,0.10078097591885404,-0.015134006683866524,0.0,0.18000000000000002,1.8384776310850235
1.35,0.10475210005663638,-0.01116288254608419,0.0,0.18000000000000002,1.9091883092036783
1.4000000000000001,0.1085990839309692,-0.007315898671751364,0.0,0.18000000000000002,1.9798989873223332
1.4500000000000002,0.1123203883787635,-0.0035945942239570677,0.0,0.18000000000000002,2.0506096654409878
1.5000000000000002,0.11591498260272054,-2.7755575615628914e-17,0.0,0.18000000000000002,2.121320343559643
1.55,0.1193823060547876,0.003467323452067031,0.0,0.18000000000000002,2.192031021678297
1.6,0.12272223385206973,0.006807251249349167,0.0,0.18000000000000002,2.262741699796952
1.6500000000000001,0.12593504487699753,0.010020062274276959,0.0,0.18000000000000002,2.3334523779156067
1.7000000000000002,0.12902139193885143,0.013106409336130859,0.0,0.18000000000000002,2.4041630560342617
1.7500000000000002,0.131982273542604,0.016067290939883433,0.0,0.18000000000000002,2.4748737341529163
1.8,0.1348190069382781,0.018904024335557545,0.0,0.18000000000000002,2.545584412271571
1.85,0.13753320222023485,0.021618219617514284,0.0,0.18000000000000002,2.6162950903902256
1.9000000000000001,0.1401267373186641,0.02421175471594353,0.0,0.18000000000000002,2.6870057685088806
1.9500000000000002,0.14260173378065227,0.026686751177931706,0.0,0.18000000000000002,2.7577164466275352
2.0,0.1449605332796741,0.029045550676953524,0.0,0.18000000000000002,2.82842712474619
2.05,0.14720567482328797,0.031290692220567407,0.0,0.18000000000000002,2.8991378028648445
2.1,0.14933987265152118,0.033424890048800615,0.0,0.18000000000000002,2.9698484809834995
2.15,0.1513659948346908,0.035451012231970225,0.0,0.18000000000000002,3.040559159102154
2.1999999999999997,0.15328704259057796,0.03737205998785739,0.0,0.18000000000000002,3.1112698372208083
2.25,0.15510613034802348,0.03919114774530291,0.0,0.18000000000000002,3.181980515339464
2.3,0.156826466587976,0.04091148398525543,0.0,0.18000000000000002,3.252691193458118
2.35,0.1584513354944743,0.042536352891753726,0.0,0.18000000000000002,3.323401871576773
2.4,0.15998407944751417,0.0440690968447936,0.0,0.18000000000000002,3.3941125496954276
2.45,0.16142808238768336,0.04551309978496279,0.0,0.18000000000000002,3.4648232278140827
2.5,0.16278675407919949,0.04687177147647892,0.0,0.18000000000000002,3.5355339059327373
2.55,0.16406351529386137,0.048148532691140805,0.0,0.18000000000000002,3.606244584051392
2.6,0.1652617839336664,0.04934680133094582,0.0,0.18000000000000002,3.676955262170047
2.65,0.166384962104672,0.05046997950195142,0.0,0.18000000000000002,3.7476659402887016
2.7,0.1674364241492576,0.05152144154653704,0.0,0.18000000000000002,3.8183766184073566
2.75,0.1684195056384276,0.052504523035707046,0.0,0.18000000000000002,3.889087296526011
2.8,0.16933749332030776,0.05342251071758719,0.0,0.18000000000000002,3.9597979746446654
2.85,0.17019361601563193,0.054278633412911365,0.0,0.18000000000000002,4.030508652763321
2.9,0.17099103644587865,0.055076053843158085,0.0,0.18000000000000002,4.1012193308819755
2.95,0.17173284397486824,0.05581786137214767,0.0,0.18000000000000002,4.17193000900063
3.0,0.17242204824012658,0.05650706563740601,0.0,0.18000000000000002,4.242640687119285
3.05,0.1730615736462054,0.05714659104348482,0.0,0.18000000000000002,4.313351365237939
3.1,0.17365425468845164,0.05773927208573107,0.0,0.18000000000000002,4.384062043356594
3.15,0.17420283207246495,0.058287849469744385,0.0,0.18000000000000002,4.454772721475249
3.2,0.17470994959168257,0.058794966988962,0.0,0.18000000000000002,4.525483399593904
3.25,0.1751781517231903,0.05926316912046972,0.0,0.18000000000000002,4.596194077712559
3.3,0.17560988189997942,0.05969489929725885,0.0,0.18000000000000002,4.666904755831213
3.35,0.1760074814164339,0.06009249881371334,0.0,0.18000000000000002,4.737615433949868
3.4,0.17637318892283774,0.06045820632011717,0.0,0.18000000000000002,4.808326112068523
3.45,0.1767091404641113,0.060794157861390724,0.0,0.18000000000000002,4.879036790187178
3.5,0.17701737001779935,0.061102387415078785,0.0,0.18000000000000002,4.949747468305832
3.55,0.17729981048651808,0.06138482788379751,0.0,0.18000000000000002,5.020458146424486
3.6,0.17755829510058993,0.06164331249786936,0.0,0.18000000000000002,5.091168824543142
3.65,0.17779455918743112,0.06187957658471055,0.0,0.18000000000000002,5.1618795026617965
3.7,0.17801024226536916,0.06209525966264859,0.0,0.18000000000000002,5.232590180780451
3.75,0.17820689042092808,0.06229190781820751,0.0,0.18000000000000002,5.303300858899106
3.8,0.17838595893019557,0.062470976327475,0.0,0.18000000000000002,5.37401153701776
3.85,0.17854881508664333,0.06263383248392276,0.0,0.18000000000000002,5.444722215136416
3.9,0.17869674119968282,0.06278175859696225,0.0,0.18000000000000002,5.5154328932550705
3.95,0.17883093773026795,0.06291595512754738,0.0,0.18000000000000002,5.586143571373725
4.0,0.17895252653197963,0.06303754392925906,0.0,0.18000000000000002,5.65685424949238
4.05,0.17906255416821168,0.06314757156549111,0.0,0.18000000000000002,5.727564927611034
4.1,0.17916199527830337,0.0632470126755828,0.0,0.18000000000000002,5.798275605729689
4.15,0.1792517559677,0.06333677336497942,0.0,0.18000000000000002,5.868986283848344
4.2,0.17933267719945356,0.06341769459673299,0.0,0.18000000000000002,5.939696961966999
4.25,0.17940553816657695,0.06349055556385638,0.0,0.18000000000000002,6.010407640085654
4.3,0.17947105962692003,0.06355607702419946,0.0,0.18000000000000002,6.081118318204308
4.35,0.1795299071843311,0.06361492458161053,0.0,0.18000000000000002,6.151828996322962
4.4,0.17958269450188463,0.06366771189916406,0.0,0.18000000000000002,6.222539674441618
4.45,0.17962998643489017,0.0637150038321696,0.0,0.18000000000000002,6.293250352560273
4.5,0.17967230207323243,0.06375731947051186,0.0,0.18000000000000002,6.363961030678928
4.55,0.1797101176843274,0.06379513508160684,0.0,0.18000000000000002,6.434671708797581
4.6,0.1797438695496029,0.06382888694688232,0.0,0.18000000000000002,6.505382386916236
4.65,0.17977395668892415,0.06385897408620358,0.0,0.18000000000000002,6.576093065034892
4.7,0.17980074346878205,0.06388576086606149,0.0,0.18000000000000002,6.646803743153546
4.75,0.17982456209134304,0.06390957948862247,0.0,0.18000000000000002,6.717514421272201
4.8,0.1798457149626246,0.06393073235990404,0.0,0.18000000000000002,6.788225099390855
4.8500000000000005,0.17986447693911284,0.06394949433639227,0.0,0.18000000000000002,6.858935777509511
4.9,0.1798810974530803,0.06396611485035975,0.0,0.18000000000000002,6.929646455628165
4.95,0.17989580251769408,0.06398081991497351,0.0,0.18000000000000002,7.00035713374682
5.0,0.17990879661373538,0.06399381401101481,0.0,0.18000000000000002,7.071067811865475
5.05,0.17992026446038387,0.0640052818576633,0.0,0.18000000000000002,7.141778489984129
5.1000000000000005,0.17993037267305712,0.06401539007033655,0.0,0.18000000000000002,7.212489168102785
5.15,0.17993927131174847,0.0640242887090279,0.0,0.18000000000000002,7.283199846221439
5.2,0.1799470953236752,0.06403211272095463,0.0,0.18000000000000002,7.353910524340094
5.25,0.17995396588434437,0.0640389832816238,0.0,0.18000000000000002,7.424621202458749
5.3,0.1799599916413683,0.06404500903864774,0.0,0.18000000000000002,7.495331880577403
5.3500000000000005,0.17996526986552552,0.06405028726280496,0.0,0.18000000000000002,7.566042558696059
5.4,0.17996988751366694,0.06405490491094637,0.0,0.18000000000000002,7.636753236814713
5.45,0.17997392220812405,0.06405893960540349,0.0,0.18000000000000002,7.707463914933368
5.5,0.17997744313728448,0.06406246053456391,0.0,0.18000000000000002,7.778174593052022
5.55,0.17998051188197045,0.06406552927924988,0.0,0.18000000000000002,7.848885271170676
5.6000000000000005,0.17998318317219306,0.06406820056947249,0.0,0.18000000000000002,7.919595949289333
5.65,0.17998550557875986,0.0640705229760393,0.0,0.18000000000000002,7.990306627407987
5.7,0.1799875221440969,0.06407253954137634,0.0,0.18000000000000002,8.061017305526642
5.75,0.17998927095650694,0.06407428835378637,0.0,0.18000000000000002,8.131727983645296
5.8,0.17999078567193,0.06407580306920943,0.0,0.18000000000000002,8.202438661763951
5.8500000000000005,0.17999209598710572,0.06407711338438515,0.0,0.18000000000000002,8.273149339882606
5.9,0.17999322806785784,0.06407824546513727,0.0,0.18000000000000002,8.34386001800126
5.95,0.1799942049360381,0.06407922233331753,0.0,0.18000000000000002,8.414570696119915
6.0,0.17999504681847744,0.06408006421575688,0.0,0.18000000000000002,8.48528137423857
