T_option,call_price,change_vs_baseline,lower_bound,upper_bound,information_ratio
0.01,1.6440992914002264e-05,-0.11589854160980656,0.0,0.18000000000000002,0.15075567228888181
0.02,0.0003439365214396627,-0.11557104608128091,0.0,0.18000000000000002,0.2142857142857143
0.03,0.001143567861479627,-0.11477141474124095,0.0,0.18000000000000002,0.26379467179224714
0.04,0.0022719479318944347,-0.11364303467082613,0.0,0.18000000000000002,0.30618621784789724
0.05,0.003602250018808248,-0.11231273258391232,0.0,0.18000000000000002,0.34412360080584264
0.060000000000000005,0.005055934027474278,-0.11085904857524628,0.0,0.18000000000000002,0.37896836447993354
0.06999999999999999,0.006585896745986766,-0.1093290858567338,0.0,0.18000000000000002,0.41152744587655077
0.08,0.008163420690194854,-0.10775156191252572,0.0,0.18000000000000002,0.4423258684646914
0.09,0.009770596141642753,-0.10614438646107782,0.0,0.18000000000000002,0.4717281765248632
0.09999999999999999,0.011396038912069431,-0.10451894369065114,0.0,0.18000000000000002,0.5
0.11,0.013032422750680894,-0.10288255985203967,0.0,0.18000000000000002,0.5273422869829894
0.12,0.014675014689739828,-0.10123996791298073,0.0,0.18000000000000002,0.5539117094069973
0.13,0.01632077910260081,-0.09959420350011976,0.0,0.18000000000000002,0.5798335076138013
0.14,0.0179678141700534,-0.09794716843266717,0.0,0.18000000000000002,0.6052099385894467
0.15000000000000002,0.01961498850462553,-0.09629999409809503,0.0,0.18000000000000002,0.6301260378126045
0.16,0.021261701667084097,-0.09465328093563646,0.0,0.18000000000000002,0.6546536707079772
0.17,0.02290772330664516,-0.09300725929607541,0.0,0.18000000000000002,0.6788544567828777
0.18000000000000002,0.02455308332624906,-0.09136189927647151,0.0,0.18000000000000002,0.7027819284987273
0.19,0.026197995830728016,-0.08971698677199255,0.0,0.18000000000000002,0.7264831572567789
0.2,0.027842805844524775,-0.08807217675819579,0.0,0.18000000000000002,0.75
0.21000000000000002,0.029487951621842486,-0.08642703098087809,0.0,0.18000000000000002,0.7733700704208721
0.22,0.031133937786555523,-0.08478104481616505,0.0,0.18000000000000002,0.7966275068156916
0.23,0.03278131608918366,-0.0831336665135369,0.0,0.18000000000000002,0.8198035875000317
0.24000000000000002,0.03443067158137726,-0.0814843110213433,0.0,0.18000000000000002,0.8429272304235247
0.25,0.036082612681604655,-0.07983236992111592,0.0,0.18000000000000002,0.8660254037844386
0.26,0.03773776405989749,-0.07817721854282308,0.0,0.18000000000000002,0.8891234675457287
0.27,0.03939676158012661,-0.07651822102259395,0.0,0.18000000000000002,0.9122454608393061
0.28,0.041060248753411466,-0.0748547338493091,0.0,0.18000000000000002,0.9354143466934854
0.29000000000000004,0.04272887430697858,-0.07318610829574199,0.0,0.18000000000000002,0.9586522229187404
0.3,0.04440329057948091,-0.07151169202323965,0.0,0.18000000000000002,0.9819805060619657
0.31,0.046084152530034075,-0.06983083007268649,0.0,0.18000000000000002,1.0054200938997546
0.32,0.047772117203176256,-0.06814286539954431,0.0,0.18000000000000002,1.0289915108550531
0.33,0.049467843531847536,-0.06644713907087303,0.0,0.18000000000000002,1.0527150398963059
0.34,0.05117199238962284,-0.06474299021309773,0.0,0.18000000000000002,1.0766108438479103
0.35000000000000003,0.052885226824814946,-0.06302975577790562,0.0,0.18000000000000002,1.1006990785580144
0.36000000000000004,0.05460821242479746,-0.06130677017792311,0.0,0.18000000000000002,1.1250000000000002
0.37,0.056341617770479274,-0.05957336483224129,0.0,0.18000000000000002,1.1495340671022203
0.38,0.058086114949351016,-0.05782886765336955,0.0,0.18000000000000002,1.174322041888219
0.39,0.05984238010169046,-0.056072602501030105,0.0,0.18000000000000002,1.1993850883531672
0.4,0.061611093978903284,-0.054303888623817284,0.0,0.18000000000000002,1.224744871391589
0.41000000000000003,0.06339294249598029,-0.052522040106740275,0.0,0.18000000000000002,1.2504236570194514
0.42000000000000004,0.06518861726196187,-0.050726365340758695,0.0,0.18000000000000002,1.2764444150951448
0.43,0.06699881607329977,-0.048916166529420796,0.0,0.18000000000000002,1.3028309257354276
0.44,0.06882424335524526,-0.04709073924747531,0.0,0.18000000000000002,1.3296078906418776
0.45,0.07066561053594016,-0.04524937206678041,0.0,0.18000000000000002,1.3568010505999364
0.46,0.07252363633680316,-0.04339134626591741,0.0,0.18000000000000002,1.3844373104863459
0.47000000000000003,0.07439904696108941,-0.041515935641631155,0.0,0.18000000000000002,1.4125448732227674
0.48000000000000004,0.0762925761601465,-0.039622406442574074,0.0,0.18000000000000002,1.4411533842457842
0.49,0.07820496515384462,-0.03771001744887595,0.0,0.18000000000000002,1.4702940882294102
0.5,0.08013696237785577,-0.0357780202248648,0.0,0.18000000000000002,1.5
0.51,0.0820893230257862,-0.03382565957693437,0.0,0.18000000000000002,1.5303060918306106
0.52,0.08406280834850569,-0.03185217425421488,0.0,0.18000000000000002,1.5612494995995998
0.53,0.0860581846661848,-0.02985679793653577,0.0,0.18000000000000002,1.5928697506554617
0.54,0.08807622204034381,-0.02783876056237676,0.0,0.18000000000000002,1.6252090166578843
0.55,0.09011769254336613,-0.02579729005935444,0.0,0.18000000000000002,1.6583123951777001
0.56,0.09218336805111474,-0.02373161455160583,0.0,0.18000000000000002,1.6922282244532987
0.5700000000000001,0.09427401747011416,-0.02164096513260641,0.0,0.18000000000000002,1.727008436439986
0.5800000000000001,0.09639040329373776,-0.019524579308982812,0.0,0.18000000000000002,1.7627089541790095
0.59,0.09853327736137718,-0.017381705241343387,0.0,0.18000000000000002,1.7993901405889665
0.6,0.10070337566993845,-0.015211606932782118,0.0,0.18000000000000002,1.8371173070873834
0.61,0.1029014120573156,-0.013013570545404973,0.0,0.18000000000000002,1.875961292039569
0.62,0.10512807054165044,-0.01078691206107013,0.0,0.18000000000000002,1.9159991209755152
0.63,0.10738399605685217,-0.008530986545868396,0.0,0.18000000000000002,1.95731476290378
0.64,0.10966978327239042,-0.006245199330330145,0.0,0.18000000000000002,2.0
0.65,0.11198596312178893,-0.003929019480931634,0.0,0.18000000000000002,2.044155431607741
0.66,0.1143329865870818,-0.0015819960156387702,0.0,0.18000000000000002,2.089891638057708
0.67,0.1167112051927833,0.000796222590062734,0.0,0.18000000000000002,2.1373305355470453
0.68,0.11912084754905095,0.003205864946330378,0.0,0.18000000000000002,2.186606960566988
0.6900000000000001,0.12156199114535465,0.0056470085426340855,0.0,0.18000000000000002,2.237870531583325
0.7000000000000001,0.12403452842793136,0.008119545825210794,0.0,0.18000000000000002,2.2912878474779204
0.7100000000000001,0.1265381259905386,0.01062314338781803,0.0,0.18000000000000002,2.3470450974907098
0.72,0.1290721754615804,0.013157192858859829,0.0,0.18000000000000002,2.405351177211819
0.73,0.13163573437389192,0.015720751771171354,0.0,0.18000000000000002,2.4664414311581235
0.74,0.13422745494842026,0.018312472345699687,0.0,0.18000000000000002,2.53058217686092
0.75,0.13684549830254292,0.02093051569982235,0.0,0.18000000000000002,2.598076211353316
0.76,0.1394874311033581,0.023572448500637527,0.0,0.18000000000000002,2.669269563007828
0.77,0.14215010112785384,0.026235118525133272,0.0,0.18000000000000002,2.7445598364131496
0.78,0.14482948758028139,0.028914504977560818,0.0,0.18000000000000002,2.8244066150738156
0.79,0.1475205213918473,0.031605538789126725,0.0,0.18000000000000002,2.9093445506309004
0.8,0.15021687017362945,0.03430188757090888,0.0,0.18000000000000002,3.0
0.81,0.15291068217567005,0.036995699572949486,0.0,0.18000000000000002,3.0971124072525837
0.8200000000000001,0.15559228383059626,0.03967730122787569,0.0,0.18000000000000002,3.201562118716425
0.8300000000000001,0.15824982678285668,0.04233484418013611,0.0,0.18000000000000002,3.314407053704638
0.8400000000000001,0.1608688837045717,0.04495390110185113,0.0,0.18000000000000002,3.436931771216881
0.85,0.16343199938332337,0.0475170167806028,0.0,0.18000000000000002,3.570714214271425
0.86,0.16591821746944957,0.050003234866729,0.0,0.18000000000000002,3.7177181941923156
0.87,0.16830262884714556,0.05238764624442499,0.0,0.18000000000000002,3.880424243261593
0.88,0.17055603301196876,0.05464105040924819,0.0,0.18000000000000002,4.06201920231798
0.89,0.17264488197560487,0.05672989937288431,0.0,0.18000000000000002,4.266678503771459
0.9,0.17453180567093068,0.05861682306821012,0.0,0.18000000000000002,4.500000000000001
0.91,0.1761772201073108,0.06026223750459023,0.0,0.18000000000000002,4.769696007084729
0.92,0.17754280157731933,0.061627818974598764,0.0,0.18000000000000002,5.086747487343953
0.93,0.17859790066863648,0.06268291806591592,0.0,0.18000000000000002,5.467436066645605
0.9400000000000001,0.1793299298206246,0.06341494721790403,0.0,0.18000000000000002,5.937171043518961
0.9500000000000001,0.17975832953768608,0.06384334693496552,0.0,0.18000000000000002,6.538348415311015
0.9600000000000001,0.17994652858075336,0.06403154597803279,0.0,0.18000000000000002,7.348469228349542
0.97,0.17999551127677432,0.06408052867405375,0.0,0.18000000000000002,8.529361054615988
0.98,0.17999996588215486,0.0640849832794343,0.0,0.18000000000000002,10.499999999999996
0.99,0.17999999999998095,0.06408501739726039,0.0,0.18000000000000002,14.924811556599295
