p0,call_price,change_vs_baseline,lower_bound,upper_bound,information_ratio
0.01,9.88712925267211e-05,-0.11581611131019384,0.0,0.0030000000000000005,2.1213203435596424
0.02,0.00038398383670747426,-0.1155309987660131,0.0,0.006000000000000001,2.1213203435596424
0.03,0.0008178235195004494,-0.11509715908322012,0.0,0.009000000000000001,2.1213203435596424
0.04,0.0013762385947589959,-0.11453874400796157,0.0,0.012000000000000002,2.1213203435596424
0.05,0.002042835448043397,-0.11387214715467717,0.0,0.015000000000000003,2.1213203435596424
0.060000000000000005,0.0028056671552126227,-0.11310931544750795,0.0,0.018000000000000006,2.1213203435596424
0.06999999999999999,0.0036555947643641612,-0.1122593878383564,0.0,0.021,2.1213203435596424
0.08,0.00458538055821075,-0.11132960204450981,0.0,0.024000000000000004,2.1213203435596424
0.09,0.0055891416688994035,-0.11032584093382117,0.0,0.027000000000000003,2.1213203435596424
0.09999999999999999,0.006661999133479662,-0.10925298346924091,0.0,0.030000000000000002,2.1213203435596424
0.11,0.007799841115412356,-0.1081151414873082,0.0,0.03300000000000001,2.1213203435596424
0.12,0.00899915679627931,-0.10691582580644125,0.0,0.036000000000000004,2.1213203435596424
0.13,0.010256916091798542,-0.10565806651092202,0.0,0.03900000000000001,2.1213203435596424
0.14,0.011570480232425358,-0.10434450237029522,0.0,0.04200000000000001,2.1213203435596424
0.15000000000000002,0.012937533802180974,-0.10297744880053959,0.0,0.04500000000000001,2.1213203435596424
0.16,0.01435603210236409,-0.10155895050035647,0.0,0.04800000000000001,2.1213203435596424
0.17,0.0158241597154727,-0.10009082288724787,0.0,0.05100000000000001,2.1213203435596424
0.18000000000000002,0.017340297420725778,-0.09857468518199479,0.0,0.05400000000000001,2.1213203435596424
0.19,0.018902995447789762,-0.09701198715493081,0.0,0.05700000000000001,2.1213203435596424
0.2,0.02051095161642024,-0.09540403098630032,0.0,0.06000000000000001,2.1213203435596424
0.21000000000000002,0.022162993295443464,-0.0937519893072771,0.0,0.06300000000000001,2.1213203435596424
0.22,0.023858062385113454,-0.09205692021760711,0.0,0.06600000000000002,2.1213203435596424
0.23,0.025595202720234085,-0.09031977988248649,0.0,0.06900000000000002,2.1213203435596424
0.24000000000000002,0.0273735494318778,-0.08854143317084276,0.0,0.07200000000000002,2.1213203435596424
0.25,0.029192319909071777,-0.08672266269364878,0.0,0.07500000000000001,2.1213203435596424
0.26,0.031050806079198707,-0.08486417652352186,0.0,0.07800000000000001,2.1213203435596424
0.27,0.03294836778440566,-0.08296661481831491,0.0,0.08100000000000002,2.1213203435596424
0.28,0.03488442707612362,-0.08103055552659695,0.0,0.08400000000000002,2.1213203435596424
0.29000000000000004,0.03685846328446043,-0.07905651931826013,0.0,0.08700000000000002,2.1213203435596424
0.3,0.03887000874630585,-0.07704497385641472,0.0,0.09000000000000001,2.1213203435596424
0.31,0.04091864509733572,-0.07499633750538484,0.0,0.09300000000000001,2.1213203435596424
0.32,0.043004000050082314,-0.07291098255263825,0.0,0.09600000000000002,2.1213203435596424
0.33,0.045125744593857216,-0.07078923800886336,0.0,0.09900000000000002,2.1213203435596424
0.34,0.04728359056332507,-0.0686313920393955,0.0,0.10200000000000002,2.1213203435596424
0.35000000000000003,0.04947728853150066,-0.06643769407121991,0.0,0.10500000000000002,2.1213203435596424
0.36000000000000004,0.051706625990312935,-0.06420835661240763,0.0,0.10800000000000003,2.1213203435596424
0.37,0.05397142578798182,-0.061943556814738746,0.0,0.11100000000000002,2.1213203435596424
0.38,0.05627154479754766,-0.05964343780517291,0.0,0.11400000000000002,2.1213203435596424
0.39,0.0586068727951793,-0.057308109807541266,0.0,0.11700000000000002,2.1213203435596424
0.4,0.060977331530531476,-0.05493765107218909,0.0,0.12000000000000002,2.1213203435596424
0.41000000000000003,0.0633828739745465,-0.05253210862817406,0.0,0.12300000000000003,2.1213203435596424
0.42000000000000004,0.06582348373280822,-0.05009149886991235,0.0,0.12600000000000003,2.1213203435596424
0.43,0.06829917461493948,-0.04761580798778109,0.0,0.129,2.1213203435596424
0.44,0.07080999035265605,-0.04510499225006452,0.0,0.13200000000000003,2.1213203435596424
0.45,0.07335600446101095,-0.042558978141709614,0.0,0.13500000000000004,2.1213203435596424
0.46,0.07593732023913094,-0.03997766236358963,0.0,0.13800000000000004,2.1213203435596424
0.47000000000000003,0.07855407090840341,-0.037360911694317156,0.0,0.14100000000000004,2.1213203435596424
0.48000000000000004,0.08120641988765909,-0.03470856271506148,0.0,0.14400000000000004,2.1213203435596424
0.49,0.08389456120644469,-0.03202042139627588,0.0,0.14700000000000002,2.1213203435596424
0.5,0.08661872005902488,-0.02929626254369569,0.0,0.15000000000000002,2.1213203435596424
0.51,0.08937915350332896,-0.026535829099391603,0.0,0.15300000000000002,2.1213203435596424
0.52,0.09217615131069212,-0.023738831292028445,0.0,0.15600000000000003,2.1213203435596424
0.53,0.09501003697397478,-0.020904945628745786,0.0,0.15900000000000003,2.1213203435596424
0.54,0.09788116888350736,-0.018033813719213213,0.0,0.16200000000000003,2.1213203435596424
0.55,0.10078994168234502,-0.015125040920375546,0.0,0.16500000000000004,2.1213203435596424
0.56,0.10373678781457657,-0.012178194788143998,0.0,0.16800000000000004,2.1213203435596424
0.5700000000000001,0.10672217928295719,-0.009192803319763382,0.0,0.17100000000000004,2.1213203435596424
0.5800000000000001,0.1097466296350017,-0.006168352967718865,0.0,0.17400000000000004,2.1213203435596424
0.59,0.11281069619994213,-0.0031042864027784334,0.0,0.17700000000000002,2.1213203435596424
0.6,0.11591498260272057,0.0,0.0,0.18000000000000002,2.1213203435596424
0.61,0.11906014158555342,0.003145158982832852,0.0,0.18300000000000002,2.1213203435596424
0.62,0.12224687817269793,0.006331895569977361,0.0,0.18600000000000003,2.1213203435596424
0.63,0.1254759532200364,0.00956097061731584,0.0,0.18900000000000003,2.1213203435596424
0.64,0.12874818739815716,0.012833204795436592,0.0,0.19200000000000003,2.1213203435596424
0.65,0.13206446566600413,0.016149483063283565,0.0,0.19500000000000003,2.1213203435596424
0.66,0.1354257423021857,0.01951075969946514,0.0,0.19800000000000004,2.1213203435596424
0.67,0.13883304657306272,0.022918063970342156,0.0,0.20100000000000004,2.1213203435596424
0.68,0.1422874891312606,0.026372506528540035,0.0,0.20400000000000004,2.1213203435596424
0.6900000000000001,0.14579026925588223,0.029875286653161665,0.0,0.20700000000000005,2.1213203435596424
0.7000000000000001,0.14934268306723822,0.03342770046451765,1.1102230246251565e-16,0.21000000000000005,2.1213203435596424
0.7100000000000001,0.1529461328753718,0.03703115027265122,0.01000000000000012,0.21300000000000005,2.1213203435596424
0.72,0.15660213785438556,0.040687155251665,0.020000000000000018,0.21600000000000003,2.1213203435596424
0.73,0.16031234627532337,0.0443973636726028,0.030000000000000027,0.21900000000000003,2.1213203435596424
0.74,0.16407854958145143,0.048163566978730865,0.040000000000000036,0.22200000000000003,2.1213203435596424
0.75,0.16790269865434243,0.05198771605162186,0.050000000000000044,0.22500000000000003,2.1213203435596424
0.76,0.17178692270138204,0.05587194009866148,0.06000000000000005,0.22800000000000004,2.1213203435596424
0.77,0.17573355130095566,0.0598185686982351,0.07000000000000006,0.23100000000000004,2.1213203435596424
0.78,0.17974514027854238,0.06383015767582181,0.08000000000000007,0.23400000000000004,2.1213203435596424
0.79,0.1838245022663364,0.06790951966361583,0.09000000000000008,0.23700000000000004,2.1213203435596424
0.8,0.18797474303650402,0.07205976043378345,0.10000000000000009,0.24000000000000005,2.1213203435596424
0.81,0.19219930501628857,0.076284322413568,0.1100000000000001,0.24300000000000005,2.1213203435596424
0.8200000000000001,0.19650201982471083,0.08058703722199026,0.1200000000000001,0.24600000000000005,2.1213203435596424
0.8300000000000001,0.200887172264227,0.08497218966150644,0.13000000000000012,0.24900000000000005,2.1213203435596424
0.8400000000000001,0.20535957902984894,0.08944459642712838,0.14000000000000012,0.25200000000000006,2.1213203435596424
0.85,0.20992468657603192,0.09400970397331135,0.15000000000000002,0.255,2.1213203435596424
0.86,0.21458869428629948,0.09867371168357891,0.16000000000000003,0.258,2.1213203435596424
0.87,0.219358711609842,0.10344372900712143,0.17000000000000004,0.261,2.1213203435596424
0.88,0.22424296164090735,0.10832797903818678,0.18000000000000005,0.26400000000000007,2.1213203435596424
0.89,0.22925104953906814,0.11333606693634757,0.19000000000000006,0.26700000000000007,2.1213203435596424
0.9,0.23439432367437607,0.1184793410716555,0.20000000000000007,0.2700000000000001,2.1213203435596424
0.91,0.2396863731189005,0.12377139051617994,0.21000000000000008,0.2730000000000001,2.1213203435596424
0.92,0.2451437323113672,0.12922874970864665,0.22000000000000008,0.2760000000000001,2.1213203435596424
0.93,0.25078691310569406,0.1348719305029735,0.2300000000000001,0.2790000000000001,2.1213203435596424
0.9400000000000001,0.2566419795187316,0.140726996916011,0.2400000000000001,0.2820000000000001,2.1213203435596424
0.9500000000000001,0.2627430775700884,0.14682809496736784,0.2500000000000001,0.2850000000000001,2.1213203435596424
0.9600000000000001,0.2691367811021963,0.15322179849947573,0.2600000000000001,0.2880000000000001,2.1213203435596424
0.97,0.27589027115297055,0.15997528855024998,0.27,0.29100000000000004,2.1213203435596424
0.98,0.2831089329289572,0.16719395032623666,0.28,0.29400000000000004,2.1213203435596424
0.99,0.29098360921353766,0.1750686266108171,0.29000000000000004,0.29700000000000004,2.1213203435596424
