parameter,value,is_baseline,call_price,change_vs_baseline,pct_change_vs_baseline
K,0.3,False,0.36097733153053146,0.2450623489278109,211.41559393380714
K,0.5,False,0.2299473288969135,0.11403234629419293,98.37584730959236
K,0.7,True,0.11591498260272057,0.0,0.0
K,0.9,False,0.024917447911516864,-0.0909975346912037,-78.50368662270579
T_option,0.1,False,0.011396038912069403,-0.10451894369065116,-90.16862302336925
T_option,0.3333,False,0.05003492461919321,-0.06588005798352736,-56.834808153593364
T_option,0.6667,True,0.11591498260272057,0.0,0.0
T_option,0.9,False,0.17453180567093068,0.05861682306821012,50.56880633723561
p0,0.2,False,0.02051095161642024,-0.09540403098630032,-82.30517646996665
p0,0.4,False,0.060977331530531476,-0.05493765107218909,-47.394780069526306
p0,0.6,True,0.11591498260272057,0.0,0.0
p0,0.8,False,0.18797474303650402,0.07205976043378345,62.166045161527016
kappa,0.5,False,0.024852182992777763,-0.0910627996099428,-78.55999074946635
kappa,1.5,True,0.11591498260272057,0.0,0.0
kappa,3.0,False,0.17242204824012658,0.05650706563740601,48.748715971493205
kappa,4.0,False,0.17895252653197963,0.06303754392925906,54.38256773527699
