K,kappa,s,prob_exercise,call_premium
0.5,0.25,0.35355339059327373,0.8779056082329538,0.10535693721778866
0.5,0.5,0.7071067811865475,0.7286210968101142,0.12950645165350566
0.5,1.5,2.1213203435596424,0.613719310891707,0.2299473288969135
0.5,3.0,4.242640687119285,0.6005688599610933,0.29172637464686085
0.5,6.0,8.48528137423857,0.600000110955781,0.2999945945819528
0.7,0.25,0.35355339059327373,0.11573940471652598,0.003975187106974986
0.7,0.5,0.7071067811865475,0.30142520563008046,0.024852182992777763
0.7,1.5,2.1213203435596424,0.5226910788250014,0.11591498260272057
0.7,3.0,4.242640687119285,0.5921070173739312,0.17242204824012658
0.7,6.0,8.48528137423857,0.5999951507889297,0.17999504681847744
