bin,bin_label,n_observations,mean_abs_error,median_abs_error,q25_abs_error,q75_abs_error,n_markets
0,0.0-0.1,120,0.460875,0.445,0.385,0.5549999999999999,40
1,0.1-0.2,160,0.43606249999999996,0.4375,0.34875,0.515,40
2,0.2-0.3,160,0.43678125,0.4475,0.355,0.525,40
3,0.3-0.4,160,0.43462500000000004,0.47,0.325,0.52125,40
4,0.4-0.5,156,0.41352564102564104,0.43500000000000005,0.30500000000000005,0.495,40
5,0.5-0.6,160,0.40037500000000004,0.42000000000000004,0.28500000000000003,0.505,40
6,0.6-0.7,160,0.356625,0.37,0.18874999999999997,0.50125,40
7,0.7-0.8,160,0.15303125,0.050000000000000044,0.0050000000000000044,0.22624999999999998,40
8,0.8-0.9,159,0.009496855345911954,0.0050000000000000044,0.005,0.0050000000000000044,40
9,0.9-1.0,157,0.0065605095541401304,0.0050000000000000044,0.005,0.0050000000000000044,40
