ticker,event_ticker,title,yes_sub_title,open_time,close_time,Y,n_observations,first_price,last_price,median_spread,total_volume,excluded,largest_move,largest_move_share,largest_move_time,learning_time,final_abs_error,learning_hour_et,largest_move_hour_et
KXHIGHNY-26OCT04-B63.5,KXHIGHNY-26OCT04,"Highest temperature in New York City on Oct 4, 2026?",63° to 64°,2026-10-03T14:00:00Z,2026-10-05T05:00:00Z,0,39,0.395,0.005,0.010000000000000009,37244.02,False,0.5399999999999999,0.2797927461139896,0.717948717948718,0.717948717948718,0.005,14.0,14.0
KXHIGHNY-26OCT03-B70.5,KXHIGHNY-26OCT03,"Highest temperature in New York City on Oct 3, 2026?",70° to 71°,2026-10-02T14:00:00Z,2026-10-04T05:00:00Z,1,39,0.48,0.995,0.010000000000000009,23312.89,False,0.11499999999999999,0.14838709677419348,0.7435897435897436,0.7948717948717948,0.0050000000000000044,17.0,15.0
KXHIGHNY-26OCT02-B83.5,KXHIGHNY-26OCT02,"Highest temperature in New York City on Oct 2, 2026?",83° to 84°,2026-10-01T14:00:00Z,2026-10-03T05:00:00Z,1,39,0.365,0.995,0.010000000000000009,38667.44,False,0.32499999999999996,0.20700636942675157,0.717948717948718,0.7948717948717948,0.0050000000000000044,17.0,14.0
KXHIGHNY-26OCT01-T75,KXHIGHNY-26OCT01,"Highest temperature in New York City on Oct 1, 2026?",74° or below,2026-09-30T14:00:00Z,2026-10-02T05:00:00Z,0,38,0.395,0.005,0.010000000000000009,25792.87,False,0.08999999999999997,0.10465116279069764,0.2564102564102564,0.6410256410256411,0.005,11.0,-4.0
KXHIGHNY-26SEP30-B74.5,KXHIGHNY-26SEP30,"Highest temperature in New York City on Sep 30, 2026?",74° to 75°,2026-09-29T14:00:00Z,2026-10-01T05:00:00Z,1,39,0.395,0.995,0.010000000000000009,62421.28,False,0.895,0.40681818181818186,0.8205128205128205,0.8205128205128205,0.0050000000000000044,18.0,18.0
KXHIGHNY-26SEP29-B69.5,KXHIGHNY-26SEP29,"Highest temperature in New York City on Sep 29, 2026?",69° to 70°,2026-09-28T14:00:00Z,2026-09-30T05:00:00Z,1,38,0.42,0.995,0.010000000000000009,38429.67,False,0.235,0.2385786802030457,0.717948717948718,0.7435897435897436,0.0050000000000000044,15.0,14.0
KXHIGHNY-26SEP28-T64,KXHIGHNY-26SEP28,"Highest temperature in New York City on Sep 28, 2026?",63° or below,2026-09-27T14:00:00Z,2026-09-29T05:00:00Z,1,39,0.695,0.995,0.010000000000000009,42361.15,False,0.13,0.12380952380952384,0.6410256410256411,0.717948717948718,0.0050000000000000044,14.0,11.0
KXHIGHNY-26SEP27-T65,KXHIGHNY-26SEP27,"Highest temperature in New York City on Sep 27, 2026?",64° or below,2026-09-26T14:00:00Z,2026-09-28T05:00:00Z,1,39,0.635,0.985,0.010000000000000009,45179.27,False,0.25999999999999995,0.18840579710144928,0.717948717948718,0.7692307692307693,0.015000000000000013,16.0,14.0
KXHIGHNY-26SEP26-T62,KXHIGHNY-26SEP26,"Highest temperature in New York City on Sep 26, 2026?",61° or below,2026-09-25T14:00:00Z,2026-09-27T05:00:00Z,1,39,0.495,0.995,0.010000000000000009,66474.0,False,0.3350000000000001,0.1401673640167364,0.7435897435897436,0.7948717948717948,0.0050000000000000044,17.0,15.0
KXHIGHNY-26SEP25-B71.5,KXHIGHNY-26SEP25,"Highest temperature in New York City on Sep 25, 2026?",71° to 72°,2026-09-24T14:00:00Z,2026-09-26T05:00:00Z,0,39,0.305,0.005,0.010000000000000009,58406.42,False,0.11499999999999999,0.09274193548387095,0.5897435897435898,0.7435897435897436,0.005,15.0,9.0
KXHIGHNY-26SEP24-B68.5,KXHIGHNY-26SEP24,"Highest temperature in New York City on Sep 24, 2026?",68° to 69°,2026-09-23T14:00:00Z,2026-09-25T05:00:00Z,0,39,0.37,0.005,0.010000000000000009,45093.37,False,0.15,0.16574585635359115,0.6666666666666666,0.7948717948717948,0.005,17.0,12.0
KXHIGHNY-26SEP23-B67.5,KXHIGHNY-26SEP23,"Highest temperature in New York City on Sep 23, 2026?",67° to 68°,2026-09-22T14:00:00Z,2026-09-24T05:00:00Z,1,39,0.425,0.995,0.010000000000000009,30835.78,False,0.17500000000000004,0.14227642276422764,0.717948717948718,0.7948717948717948,0.0050000000000000044,17.0,14.0
KXHIGHNY-26SEP22-B65.5,KXHIGHNY-26SEP22,"Highest temperature in New York City on Sep 22, 2026?",65° to 66°,2026-09-21T14:00:00Z,2026-09-23T05:00:00Z,0,39,0.35,0.005,0.010000000000000009,26475.87,False,0.655,0.4323432343234323,0.6923076923076923,0.6923076923076923,0.005,13.0,13.0
KXHIGHNY-26SEP21-B68.5,KXHIGHNY-26SEP21,"Highest temperature in New York City on Sep 21, 2026?",68° to 69°,2026-09-20T14:00:00Z,2026-09-22T05:00:00Z,0,39,0.445,0.005,0.01,20258.98,False,0.09,0.08910891089108912,0.6410256410256411,0.6666666666666666,0.005,12.0,11.0
KXHIGHNY-26SEP20-T71,KXHIGHNY-26SEP20,"Highest temperature in New York City on Sep 20, 2026?",70° or below,2026-09-19T14:00:00Z,2026-09-21T05:00:00Z,1,39,0.615,0.99,0.010000000000000009,38666.16,False,0.15500000000000003,0.15121951219512192,0.38461538461538464,0.6923076923076923,0.010000000000000009,13.0,1.0
KXHIGHNY-26SEP19-B69.5,KXHIGHNY-26SEP19,"Highest temperature in New York City on Sep 19, 2026?",69° to 70°,2026-09-18T14:00:00Z,2026-09-20T05:00:00Z,1,39,0.355,0.995,0.010000000000000009,52711.56,False,0.41000000000000003,0.2751677852348993,0.717948717948718,0.7692307692307693,0.0050000000000000044,16.0,14.0
KXHIGHNY-26SEP18-B80.5,KXHIGHNY-26SEP18,"Highest temperature in New York City on Sep 18, 2026?",80° to 81°,2026-09-17T14:00:00Z,2026-09-19T05:00:00Z,1,38,0.485,0.995,0.010000000000000009,38092.04,False,0.21500000000000008,0.18220338983050852,0.7435897435897436,0.7435897435897436,0.0050000000000000044,15.0,15.0
KXHIGHNY-26SEP17-B80.5,KXHIGHNY-26SEP17,"Highest temperature in New York City on Sep 17, 2026?",80° to 81°,2026-09-16T14:00:00Z,2026-09-18T05:00:00Z,0,38,0.4,0.005,0.010000000000000009,44035.77,False,0.25,0.21276595744680846,0.6923076923076923,0.6923076923076923,0.005,13.0,13.0
KXHIGHNY-26SEP16-B77.5,KXHIGHNY-26SEP16,"Highest temperature in New York City on Sep 16, 2026?",77° to 78°,2026-09-15T14:00:00Z,2026-09-17T05:00:00Z,1,39,0.45,0.995,0.010000000000000009,29435.71,False,0.385,0.282051282051282,0.7692307692307693,0.7948717948717948,0.0050000000000000044,17.0,16.0
KXHIGHNY-26SEP15-B70.5,KXHIGHNY-26SEP15,"Highest temperature in New York City on Sep 15, 2026?",70° to 71°,2026-09-14T14:00:00Z,2026-09-16T05:00:00Z,0,39,0.415,0.005,0.010000000000000009,44761.32,False,0.16999999999999998,0.11111111111111112,0.7948717948717948,0.7948717948717948,0.005,17.0,17.0
KXHIGHNY-26SEP14-B74.5,KXHIGHNY-26SEP14,"Highest temperature in New York City on Sep 14, 2026?",74° to 75°,2026-09-13T14:00:00Z,2026-09-15T05:00:00Z,1,39,0.43,0.995,0.010000000000000009,53618.44,False,0.18000000000000005,0.13483146067415736,0.41025641025641024,0.7692307692307693,0.0050000000000000044,16.0,2.0
KXHIGHNY-26SEP13-T78,KXHIGHNY-26SEP13,"Highest temperature in New York City on Sep 13, 2026?",77° or below,2026-09-12T14:00:00Z,2026-09-14T05:00:00Z,0,39,0.395,0.005,0.010000000000000009,54102.98,False,0.505,0.22954545454545452,0.7692307692307693,0.7948717948717948,0.005,17.0,16.0
KXHIGHNY-26SEP12-B77.5,KXHIGHNY-26SEP12,"Highest temperature in New York City on Sep 12, 2026?",77° to 78°,2026-09-11T14:00:00Z,2026-09-13T05:00:00Z,1,39,0.395,0.995,0.010000000000000009,27010.34,False,0.08499999999999996,0.09139784946236555,0.7435897435897436,0.7692307692307693,0.0050000000000000044,16.0,15.0
KXHIGHNY-26SEP11-B79.5,KXHIGHNY-26SEP11,"Highest temperature in New York City on Sep 11, 2026?",79° to 80°,2026-09-10T14:00:00Z,2026-09-12T05:00:00Z,1,39,0.415,0.995,0.010000000000000009,42845.13,False,0.27,0.22131147540983603,0.7948717948717948,0.7948717948717948,0.0050000000000000044,17.0,17.0
KXHIGHNY-26SEP10-B85.5,KXHIGHNY-26SEP10,"Highest temperature in New York City on Sep 10, 2026?",85° to 86°,2026-09-09T14:00:00Z,2026-09-11T05:00:00Z,0,38,0.405,0.005,0.010000000000000009,62985.04,False,0.625,0.2976190476190476,0.7948717948717948,0.8205128205128205,0.005,18.0,17.0
KXHIGHNY-26SEP09-T84,KXHIGHNY-26SEP09,"Highest temperature in New York City on Sep 9, 2026?",83° or below,2026-09-08T14:00:00Z,2026-09-10T05:00:00Z,1,39,0.445,0.995,0.010000000000000009,58074.53,False,0.245,0.20247933884297528,0.717948717948718,0.7435897435897436,0.0050000000000000044,15.0,14.0
KXHIGHNY-26SEP08-B80.5,KXHIGHNY-26SEP08,"Highest temperature in New York City on Sep 8, 2026?",80° to 81°,2026-09-07T14:00:00Z,2026-09-09T05:00:00Z,1,39,0.425,0.995,0.010000000000000009,40690.8,False,0.33999999999999997,0.24637681159420283,0.7948717948717948,0.7948717948717948,0.0050000000000000044,17.0,17.0
KXHIGHNY-26SEP07-B79.5,KXHIGHNY-26SEP07,"Highest temperature in New York City on Sep 7, 2026?",79° to 80°,2026-09-06T14:00:00Z,2026-09-08T05:00:00Z,0,39,0.46499999999999997,0.005,0.010000000000000009,75035.58,False,0.42999999999999994,0.2738853503184712,0.7948717948717948,0.7948717948717948,0.005,17.0,17.0
KXHIGHNY-26SEP06-B73.5,KXHIGHNY-26SEP06,"Highest temperature in New York City on Sep 6, 2026?",73° to 74°,2026-09-05T14:00:00Z,2026-09-07T05:00:00Z,0,39,0.38,0.005,0.010000000000000009,55122.5,False,0.39,0.19847328244274812,0.7692307692307693,0.7692307692307693,0.005,16.0,16.0
KXHIGHNY-26SEP05-T79,KXHIGHNY-26SEP05,"Highest temperature in New York City on Sep 5, 2026?",78° or below,2026-09-04T14:00:00Z,2026-09-06T05:00:00Z,0,38,0.385,0.005,0.010000000000000009,98564.49,False,0.8099999999999999,0.37327188940092165,0.7948717948717948,0.7948717948717948,0.005,17.0,17.0
KXHIGHNY-26SEP04-B82.5,KXHIGHNY-26SEP04,"Highest temperature in New York City on Sep 4, 2026?",82° to 83°,2026-09-03T14:00:00Z,2026-09-05T05:00:00Z,0,39,0.385,0.005,0.010000000000000009,44506.37,False,0.16000000000000003,0.14159292035398235,0.6153846153846154,0.717948717948718,0.005,14.0,10.0
KXHIGHNY-26SEP03-B83.5,KXHIGHNY-26SEP03,"Highest temperature in New York City on Sep 3, 2026?",83° to 84°,2026-09-02T14:00:00Z,2026-09-04T05:00:00Z,1,38,0.42,0.995,0.020000000000000018,49399.07,False,0.29500000000000004,0.1897106109324759,0.717948717948718,0.7948717948717948,0.0050000000000000044,17.0,14.0
KXHIGHNY-26SEP02-T75,KXHIGHNY-26SEP02,"Highest temperature in New York City on Sep 2, 2026?",74° or below,2026-09-01T14:00:00Z,2026-09-03T05:00:00Z,1,39,0.535,0.995,0.010000000000000009,27007.41,False,0.10499999999999998,0.11666666666666668,0.3076923076923077,0.6666666666666666,0.0050000000000000044,12.0,-2.0
KXHIGHNY-26SEP01-T83,KXHIGHNY-26SEP01,"Highest temperature in New York City on Sep 1, 2026?",82° or below,2026-08-31T14:00:00Z,2026-09-02T05:00:00Z,1,39,0.48,0.995,0.010000000000000009,56237.19,False,0.235,0.16040955631399315,0.6410256410256411,0.7435897435897436,0.0050000000000000044,15.0,11.0
KXHIGHNY-26AUG31-T78,KXHIGHNY-26AUG31,"Highest temperature in New York City on Aug 31, 2026?",77° or below,2026-08-30T14:00:00Z,2026-09-01T05:00:00Z,0,39,0.29000000000000004,0.005,0.010000000000000009,27251.86,False,0.41000000000000003,0.2688524590163935,0.6923076923076923,0.6923076923076923,0.005,13.0,13.0
KXHIGHNY-26AUG30-B82.5,KXHIGHNY-26AUG30,"Highest temperature in New York City on Aug 30, 2026?",82° to 83°,2026-08-29T14:00:00Z,2026-08-31T05:00:00Z,0,38,0.385,0.005,0.010000000000000009,31048.3,False,0.09,0.13043478260869562,0.5897435897435898,0.6410256410256411,0.005,11.0,9.0
KXHIGHNY-26AUG29-T79,KXHIGHNY-26AUG29,"Highest temperature in New York City on Aug 29, 2026?",78° or below,2026-08-28T14:00:00Z,2026-08-30T05:00:00Z,1,39,0.455,0.995,0.020000000000000018,36942.8,False,0.22999999999999998,0.13609467455621296,0.717948717948718,0.7692307692307693,0.0050000000000000044,16.0,14.0
KXHIGHNY-26AUG28-B80.5,KXHIGHNY-26AUG28,"Highest temperature in New York City on Aug 28, 2026?",80° to 81°,2026-08-27T14:00:00Z,2026-08-29T05:00:00Z,0,39,0.335,0.005,0.010000000000000009,28553.96,False,0.39,0.33333333333333337,0.717948717948718,0.717948717948718,0.005,14.0,14.0
KXHIGHNY-26AUG27-B80.5,KXHIGHNY-26AUG27,"Highest temperature in New York City on Aug 27, 2026?",80° to 81°,2026-08-26T14:00:00Z,2026-08-28T05:00:00Z,0,39,0.345,0.02,0.020000000000000004,134220.19,False,0.21500000000000002,0.14285714285714288,0.8205128205128205,0.8205128205128205,0.02,18.0,18.0
KXHIGHNY-26AUG26-B80.5,KXHIGHNY-26AUG26,"Highest temperature in New York City on Aug 26, 2026?",80° to 81°,2026-08-25T14:00:00Z,2026-08-27T05:00:00Z,1,39,0.415,0.995,0.010000000000000009,33703.75,False,0.16999999999999993,0.1827956989247311,0.6923076923076923,0.7948717948717948,0.0050000000000000044,17.0,13.0
