Y,bin,bin_label,n_observations,mean_price,median_price,q25_price,q75_price
0,0,0.0-0.1,54,0.3894444444444445,0.395,0.34624999999999995,0.41874999999999996
0,1,0.1-0.2,72,0.38569444444444445,0.395,0.33375,0.435
0,2,0.2-0.3,72,0.3921527777777778,0.385,0.33375,0.45125000000000004
0,3,0.3-0.4,72,0.3869444444444444,0.395,0.2725,0.48124999999999996
0,4,0.4-0.5,69,0.38630434782608697,0.415,0.28500000000000003,0.495
0,5,0.5-0.6,72,0.3786111111111111,0.3725,0.2625,0.52125
0,6,0.6-0.7,72,0.3309722222222222,0.2925,0.12,0.53625
0,7,0.7-0.8,72,0.14180555555555555,0.0125,0.005,0.16624999999999998
0,8,0.8-0.9,71,0.007253521126760564,0.005,0.005,0.005
0,9,0.9-1.0,71,0.006338028169014085,0.005,0.005,0.005
1,0,0.0-0.1,66,0.4806818181818182,0.45,0.42,0.52125
1,1,0.1-0.2,88,0.5227272727272727,0.485,0.45875,0.5812499999999999
1,2,0.2-0.3,88,0.5267045454545455,0.4875,0.4525,0.575
1,3,0.3-0.4,88,0.5263636363636364,0.5,0.4725,0.56125
1,4,0.4-0.5,87,0.5648850574712644,0.54,0.505,0.645
1,5,0.5-0.6,88,0.5818181818181819,0.575,0.505,0.645
1,6,0.6-0.7,88,0.6223863636363637,0.6,0.5125,0.75125
1,7,0.7-0.8,88,0.8377840909090909,0.8925000000000001,0.7625,0.97
1,8,0.8-0.9,88,0.9886931818181818,0.995,0.99,0.995
1,9,0.9-1.0,86,0.9932558139534884,0.995,0.995,0.995
