metric,value
series,KXHIGHNY
markets_used,40
markets_yes,22
markets_no,18
markets_excluded,0
hourly_observations,1552
median_spread,0.010000000000000009
mean_abs_error_first_bin,0.460875
mean_abs_error_last_bin,0.0065605095541401304
median_abs_error_first_bin,0.445
median_abs_error_last_bin,0.0050000000000000044
median_largest_hourly_move,0.24
share_markets_largest_move_gt_0.3,0.375
median_largest_move_share_of_total,0.18560074801309018
median_learning_time_u,0.7692307692307693
iqr_learning_time_u,0.07692307692307687
median_learning_hour_et_target_day,16.0
