bin,n_observations,empirical,n_markets,empirical_se,model,residual,sample,specification,band_lo,band_hi
0,90,0.4631111111111111,30,0.017397892837379136,0.47757023675206217,0.014459125640951087,train,T_effective,0.4470031366079051,0.5052253166543009
1,120,0.44025,30,0.017511634063850434,0.47367542373501836,0.03342542373501839,train,T_effective,0.44022356028860216,0.5041695437830916
2,120,0.4347083333333333,30,0.01927014949081785,0.46772738688511956,0.03301905355178625,train,T_effective,0.42911680186833956,0.5032214584601733
3,120,0.4339166666666667,30,0.021069187931114678,0.45910883718428247,0.025192170517615797,train,T_effective,0.4154812057722594,0.49813370736233126
4,117,0.41068376068376067,30,0.024209759768975814,0.4455488560907569,0.03486509540699623,train,T_effective,0.39635358893821804,0.49459759463916075
5,120,0.40870833333333334,30,0.024863454934572652,0.42048957499017575,0.011781241656842412,train,T_effective,0.36945787485107745,0.48479132539363307
6,120,0.34812499999999996,30,0.031029437149706508,0.35832948159976435,0.010204481599764392,train,T_effective,0.2985945265644043,0.42434151593681535
7,120,0.14941666666666667,30,0.027725870562841363,0.10003495961503302,-0.04938170705163365,train,T_effective,0.06816168058112376,0.13381812043062052
8,119,0.007941176470588238,30,0.0012021492566437176,0.0,-0.007941176470588238,train,T_effective,0.0,0.0
9,118,0.006271186440677969,30,0.000900989239222868,0.0,-0.006271186440677969,train,T_effective,0.0,0.0
0,90,0.4631111111111111,30,0.017397892837379136,0.47408354299427125,0.01097243188316016,train,formal_close,,
1,120,0.44025,30,0.017511634063850434,0.457260199480376,0.01701019948037602,train,formal_close,,
2,120,0.4347083333333333,30,0.01927014949081785,0.4349233251376298,0.000214991804296516,train,formal_close,,
3,120,0.4339166666666667,30,0.021069187931114678,0.40816223688532455,-0.025754429781342125,train,formal_close,,
4,117,0.41068376068376067,30,0.024209759768975814,0.37564120927269706,-0.035042551411063605,train,formal_close,,
5,120,0.40870833333333334,30,0.024863454934572652,0.3339747751521516,-0.07473355818118171,train,formal_close,,
6,120,0.34812499999999996,30,0.031029437149706508,0.2798632735175042,-0.06826172648249579,train,formal_close,,
7,120,0.14941666666666667,30,0.027725870562841363,0.20607754816803675,0.05666088150137008,train,formal_close,,
8,119,0.007941176470588238,30,0.0012021492566437176,0.10363640192667141,0.09569522545608317,train,formal_close,,
9,118,0.006271186440677969,30,0.000900989239222868,0.00980149500886685,0.0035303085681888816,train,formal_close,,
0,30,0.45416666666666666,10,0.03838904968610801,0.46859298775200375,0.01442632108533709,test,T_effective,0.4130848204439916,0.539561485585761
1,40,0.42350000000000004,10,0.034421710687684695,0.4648359319481507,0.04133593194815066,test,T_effective,0.408977650026414,0.5396417029708214
2,40,0.44299999999999995,10,0.037624884643603154,0.4590929979504386,0.01609299795043867,test,T_effective,0.39456457306589143,0.5324436208867908
3,40,0.43674999999999997,10,0.0420111592318041,0.4507609622279329,0.01401096222793291,test,T_effective,0.3730009510144101,0.5262631651865879
4,39,0.42205128205128206,10,0.04949728177160618,0.43753917962460076,0.015487897573318699,test,T_effective,0.35363569652522336,0.5128154776782422
5,40,0.375375,10,0.052121336135555425,0.4132962987400141,0.0379212987400141,test,T_effective,0.3265233710749005,0.49720608991639526
6,40,0.382125,10,0.0661046755154278,0.3526662975374343,-0.02945870246256571,test,T_effective,0.25856078071807265,0.4543424275768993
7,40,0.16387500000000002,10,0.06350783252219104,0.0986798010247231,-0.06519519897527692,test,T_effective,0.05179828477416049,0.15861045581651423
8,40,0.014125000000000009,10,0.004714229346704862,0.0,-0.014125000000000009,test,T_effective,0.0,0.0
9,39,0.007435897435897441,10,0.0018860783829593808,0.0,-0.007435897435897441,test,T_effective,0.0,0.0
0,30,0.45416666666666666,10,0.03838904968610801,0.46522868801793316,0.011062021351266493,test,formal_close,,
1,40,0.42350000000000004,10,0.034421710687684695,0.448970524735499,0.025470524735498934,test,formal_close,,
2,40,0.44299999999999995,10,0.037624884643603154,0.42732067338759505,-0.015679326612404898,test,formal_close,,
3,40,0.43674999999999997,10,0.0420111592318041,0.4013049548630424,-0.035445045136957565,test,formal_close,,
4,39,0.42205128205128206,10,0.04949728177160618,0.36953372596936584,-0.05251755608191622,test,formal_close,,
5,40,0.375375,10,0.052121336135555425,0.32886749789134606,-0.04650750210865395,test,formal_close,,
6,40,0.382125,10,0.0661046755154278,0.2758264365767719,-0.10629856342322808,test,formal_close,,
7,40,0.16387500000000002,10,0.06350783252219104,0.20330838195226203,0.03943338195226201,test,formal_close,,
8,40,0.014125000000000009,10,0.004714229346704862,0.10248381067571048,0.08835881067571047,test,formal_close,,
9,39,0.007435897435897441,10,0.0018860783829593808,0.00984713058049955,0.0024112331446021094,test,formal_close,,
